Workbook
Name Slicer_Start_of_Month__Month: #N/A

Sheet RFM_Customer
A1: Customer ID | B1: GrossSpending | C1: CancellationValue | D1: NetSpending | E1: Frequency | F1: LastPurchaseDate | G1: Recency | H1: R_Score | I1: F_Score | J1: M_Score | K1: RFM_Total
A2: 13085 | B2: 2433.28 | C2: 973.82 | D2: 1459.46 | E2: 8 | F2: 40729 | G2: 158 | H2: =IF(RFM_Customers[Recency]<=RFM_Thresholds!$B$2,5, IF(RFM_Customers[Recency]<=RFM_Thresholds!$C$2,4,IF(RFM_Customers[Recency]<=RFM_Thresholds!$D$2,3,IF(RFM_Customers[Recency]<=RFM_Thresholds!$E$2,2,1)))) -> 3 | I2: =IF(RFM_Customers[Frequency]<=RFM_Thresholds!$B$2,1, IF(RFM_Customers[Frequency]<=RFM_Thresholds!$C$2,2,IF(RFM_Customers[Frequency]<=RFM_Thresholds!$D$2,3,IF(RFM_Customers[Frequency]<=RFM_Thresholds!$E$2,4,5)))) -> 1 | J2: =IF(RFM_Customers[NetSpending]<=RFM_Thresholds!$B$2,1, IF(RFM_Customers[NetSpending]<=RFM_Thresholds!$C$2,2,IF(RFM_Customers[NetSpending]<=RFM_Thresholds!$D$2,3,IF(RFM_Customers[NetSpending]<=RFM_Thresholds!$E$2,4,5)))) -> 5 | K2: =H2+I2+J2 -> 9
A3: 13078 | B3: 29018.06 | C3: 648.62 | D3: 28369.44 | E3: 57 | F3: 40883 | G3: 4 | H3: =IF(RFM_Customers[Recency]<=RFM_Thresholds!$B$2,5, IF(RFM_Customers[Recency]<=RFM_Thresholds!$C$2,4,IF(RFM_Customers[Recency]<=RFM_Thresholds!$D$2,3,IF(RFM_Customers[Recency]<=RFM_Thresholds!$E$2,2,1)))) -> 5 | I3: =IF(RFM_Customers[Frequency]<=RFM_Thresholds!$B$2,1, IF(RFM_Customers[Frequency]<=RFM_Thresholds!$C$2,2,IF(RFM_Customers[Frequency]<=RFM_Thresholds!$D$2,3,IF(RFM_Customers[Frequency]<=RFM_Thresholds!$E$2,4,5)))) -> 2 | J3: =IF(RFM_Customers[NetSpending]<=RFM_Thresholds!$B$2,1, IF(RFM_Customers[NetSpending]<=RFM_Thresholds!$C$2,2,IF(RFM_Customers[NetSpending]<=RFM_Thresholds!$D$2,3,IF(RFM_Customers[NetSpending]<=RFM_Thresholds!$E$2,4,5)))) -> 5 | K3: =H3+I3+J3 -> 12
A4: 15362 | B4: 613.08 | C4: 0 | D4: 613.08 | E4: 2 | F4: 40438 | G4: 449 | H4: =IF(RFM_Customers[Recency]<=RFM_Thresholds!$B$2,5, IF(RFM_Customers[Recency]<=RFM_Thresholds!$C$2,4,IF(RFM_Customers[Recency]<=RFM_Thresholds!$D$2,3,IF(RFM_Customers[Recency]<=RFM_Thresholds!$E$2,2,1)))) -> 1 | I4: =IF(RFM_Customers[Frequency]<=RFM_Thresholds!$B$2,1, IF(RFM_Customers[Frequency]<=RFM_Thresholds!$C$2,2,IF(RFM_Customers[Frequency]<=RFM_Thresholds!$D$2,3,IF(RFM_Customers[Frequency]<=RFM_Thresholds!$E$2,4,5)))) -> 1 | J4: =IF(RFM_Customers[NetSpending]<=RFM_Thresholds!$B$2,1, IF(RFM_Customers[NetSpending]<=RFM_Thresholds!$C$2,2,IF(RFM_Customers[NetSpending]<=RFM_Thresholds!$D$2,3,IF(RFM_Customers[NetSpending]<=RFM_Thresholds!$E$2,4,5)))) -> 5 | K4: =H4+I4+J4 -> 7
A5: 18102 | B5: 580987.04 | C5: 10606.43 | D5: 570380.61 | E5: 145 | F5: 40886 | G5: 1 | H5: =IF(RFM_Customers[Recency]<=RFM_Thresholds!$B$2,5, IF(RFM_Customers[Recency]<=RFM_Thresholds!$C$2,4,IF(RFM_Customers[Recency]<=RFM_Thresholds!$D$2,3,IF(RFM_Customers[Recency]<=RFM_Thresholds!$E$2,2,1)))) -> 5 | I5: =IF(RFM_Customers[Frequency]<=RFM_Thresholds!$B$2,1, IF(RFM_Customers[Frequency]<=RFM_Thresholds!$C$2,2,IF(RFM_Customers[Frequency]<=RFM_Thresholds!$D$2,3,IF(RFM_Customers[Frequency]<=RFM_Thresholds!$E$2,4,5)))) -> 3 | J5: =IF(RFM_Customers[NetSpending]<=RFM_Thresholds!$B$2,1, IF(RFM_Customers[NetSpending]<=RFM_Thresholds!$C$2,2,IF(RFM_Customers[NetSpending]<=RFM_Thresholds!$D$2,3,IF(RFM_Customers[NetSpending]<=RFM_Thresholds!$E$2,4,5)))) -> 5 | K5: =H5+I5+J5 -> 13
A6: 12682 | B6: 22950.22 | C6: 88.1 | D6: 22862.12 | E6: 52 | F6: 40883 | G6: 4 | H6: =IF(RFM_Customers[Recency]<=RFM_Thresholds!$B$2,5, IF(RFM_Customers[Recency]<=RFM_Thresholds!$C$2,4,IF(RFM_Customers[Recency]<=RFM_Thresholds!$D$2,3,IF(RFM_Customers[Recency]<=RFM_Thresholds!$E$2,2,1)))) -> 5 | I6: =IF(RFM_Customers[Frequency]<=RFM_Thresholds!$B$2,1, IF(RFM_Customers[Frequency]<=RFM_Thresholds!$C$2,2,IF(RFM_Customers[Frequency]<=RFM_Thresholds!$D$2,3,IF(RFM_Customers[Frequency]<=RFM_Thresholds!$E$2,4,5)))) -> 2 | J6: =IF(RFM_Customers[NetSpending]<=RFM_Thresholds!$B$2,1, IF(RFM_Customers[NetSpending]<=RFM_Thresholds!$C$2,2,IF(RFM_Customers[NetSpending]<=RFM_Thresholds!$D$2,3,IF(RFM_Customers[NetSpending]<=RFM_Thresholds!$E$2,4,5)))) -> 5 | K6: =H6+I6+J6 -> 12
A7: 18087 | B7: 14761.52 | C7: 349.9 | D7: 14411.62 | E7: 17 | F7: 40788 | G7: 99 | H7: =IF(RFM_Customers[Recency]<=RFM_Thresholds!$B$2,5, IF(RFM_Customers[Recency]<=RFM_Thresholds!$C$2,4,IF(RFM_Customers[Recency]<=RFM_Thresholds!$D$2,3,IF(RFM_Customers[Recency]<=RFM_Thresholds!$E$2,2,1)))) -> 3 | I7: =IF(RFM_Customers[Frequency]<=RFM_Thresholds!$B$2,1, IF(RFM_Customers[Frequency]<=RFM_Thresholds!$C$2,2,IF(RFM_Customers[Frequency]<=RFM_Thresholds!$D$2,3,IF(RFM_Customers[Frequency]<=RFM_Thresholds!$E$2,4,5)))) -> 1 | J7: =IF(RFM_Customers[NetSpending]<=RFM_Thresholds!$B$2,1, IF(RFM_Customers[NetSpending]<=RFM_Thresholds!$C$2,2,IF(RFM_Customers[NetSpending]<=RFM_Thresholds!$D$2,3,IF(RFM_Customers[NetSpending]<=RFM_Thresholds!$E$2,4,5)))) -> 5 | K7: =H7+I7+J7 -> 9
A8: 13635 | B8: 2999.16 | C8: 50.94 | D8: 2948.22 | E8: 4 | F8: 40819 | G8: 68 | H8: =IF(RFM_Customers[Recency]<=RFM_Thresholds!$B$2,5, IF(RFM_Customers[Recency]<=RFM_Thresholds!$C$2,4,IF(RFM_Customers[Recency]<=RFM_Thresholds!$D$2,3,IF(RFM_Customers[Recency]<=RFM_Thresholds!$E$2,2,1)))) -> 3 | I8: =IF(RFM_Customers[Frequency]<=RFM_Thresholds!$B$2,1, IF(RFM_Customers[Frequency]<=RFM_Thresholds!$C$2,2,IF(RFM_Customers[Frequency]<=RFM_Thresholds!$D$2,3,IF(RFM_Customers[Frequency]<=RFM_Thresholds!$E$2,4,5)))) -> 1 | J8: =IF(RFM_Customers[NetSpending]<=RFM_Thresholds!$B$2,1, IF(RFM_Customers[NetSpending]<=RFM_Thresholds!$C$2,2,IF(RFM_Customers[NetSpending]<=RFM_Thresholds!$D$2,3,IF(RFM_Customers[NetSpending]<=RFM_Thresholds!$E$2,4,5)))) -> 5 | K8: =H8+I8+J8 -> 9
A9: 14110 | B9: 12987.95 | C9: 30.35 | D9: 12957.6 | E9: 33 | F9: 40883 | G9: 4 | H9: =IF(RFM_Customers[Recency]<=RFM_Thresholds!$B$2,5, IF(RFM_Customers[Recency]<=RFM_Thresholds!$C$2,4,IF(RFM_Customers[Recency]<=RFM_Thresholds!$D$2,3,IF(RFM_Customers[Recency]<=RFM_Thresholds!$E$2,2,1)))) -> 5 | I9: =IF(RFM_Customers[Frequency]<=RFM_Thresholds!$B$2,1, IF(RFM_Customers[Frequency]<=RFM_Thresholds!$C$2,2,IF(RFM_Customers[Frequency]<=RFM_Thresholds!$D$2,3,IF(RFM_Customers[Frequency]<=RFM_Thresholds!$E$2,4,5)))) -> 2 | J9: =IF(RFM_Customers[NetSpending]<=RFM_Thresholds!$B$2,1, IF(RFM_Customers[NetSpending]<=RFM_Thresholds!$C$2,2,IF(RFM_Customers[NetSpending]<=RFM_Thresholds!$D$2,3,IF(RFM_Customers[NetSpending]<=RFM_Thresholds!$E$2,4,5)))) -> 5 | K9: =H9+I9+J9 -> 12
A10: 12636 | B10: 141 | C10: 0 | D10: 141 | E10: 1 | F10: 40148 | G10: 739 | H10: =IF(RFM_Customers[Recency]<=RFM_Thresholds!$B$2,5, IF(RFM_Customers[Recency]<=RFM_Thresholds!$C$2,4,IF(RFM_Customers[Recency]<=RFM_Thresholds!$D$2,3,IF(RFM_Customers[Recency]<=RFM_Thresholds!$E$2,2,1)))) -> 1 | I10: =IF(RFM_Customers[Frequency]<=RFM_Thresholds!$B$2,1, IF(RFM_Customers[Frequency]<=RFM_Thresholds!$C$2,2,IF(RFM_Customers[Frequency]<=RFM_Thresholds!$D$2,3,IF(RFM_Customers[Frequency]<=RFM_Thresholds!$E$2,4,5)))) -> 1 | J10: =IF(RFM_Customers[NetSpending]<=RFM_Thresholds!$B$2,1, IF(RFM_Customers[NetSpending]<=RFM_Thresholds!$C$2,2,IF(RFM_Customers[NetSpending]<=RFM_Thresholds!$D$2,3,IF(RFM_Customers[NetSpending]<=RFM_Thresholds!$E$2,4,5)))) -> 3 | K10: =H10+I10+J10 -> 5
A11: 17519 | B11: 4774.17 | C11: 6.67 | D11: 4767.5 | E11: 15 | F11: 40869 | G11: 18 | H11: =IF(RFM_Customers[Recency]<=RFM_Thresholds!$B$2,5, IF(RFM_Customers[Recency]<=RFM_Thresholds!$C$2,4,IF(RFM_Customers[Recency]<=RFM_Thresholds!$D$2,3,IF(RFM_Customers[Recency]<=RFM_Thresholds!$E$2,2,1)))) -> 5 | I11: =IF(RFM_Customers[Frequency]<=RFM_Thresholds!$B$2,1, IF(RFM_Customers[Frequency]<=RFM_Thresholds!$C$2,2,IF(RFM_Customers[Frequency]<=RFM_Thresholds!$D$2,3,IF(RFM_Customers[Frequency]<=RFM_Thresholds!$E$2,4,5)))) -> 1 | J11: =IF(RFM_Customers[NetSpending]<=RFM_Thresholds!$B$2,1, IF(RFM_Customers[NetSpending]<=RFM_Thresholds!$C$2,2,IF(RFM_Customers[NetSpending]<=RFM_Thresholds!$D$2,3,IF(RFM_Customers[NetSpending]<=RFM_Thresholds!$E$2,4,5)))) -> 5 | K11: =H11+I11+J11 -> 11
A12: 13758 | B12: 8698.13 | C12: 153.84 | D12: 8544.29 | E12: 15 | F12: 40875 | G12: 12 | H12: =IF(RFM_Customers[Recency]<=RFM_Thresholds!$B$2,5, IF(RFM_Customers[Recency]<=RFM_Thresholds!$C$2,4,IF(RFM_Customers[Recency]<=RFM_Thresholds!$D$2,3,IF(RFM_Customers[Recency]<=RFM_Thresholds!$E$2,2,1)))) -> 5 | I12: =IF(RFM_Customers[Frequency]<=RFM_Thresholds!$B$2,1, IF(RFM_Customers[Frequency]<=RFM_Thresholds!$C$2,2,IF(RFM_Customers[Frequency]<=RFM_Thresholds!$D$2,3,IF(RFM_Customers[Frequency]<=RFM_Thresholds!$E$2,4,5)))) -> 1 | J12: =IF(RFM_Customers[NetSpending]<=RFM_Thresholds!$B$2,1, IF(RFM_Customers[NetSpending]<=RFM_Thresholds!$C$2,2,IF(RFM_Customers[NetSpending]<=RFM_Thresholds!$D$2,3,IF(RFM_Customers[NetSpending]<=RFM_Thresholds!$E$2,4,5)))) -> 5 | K12: =H12+I12+J12 -> 11
A13: 12362 | B13: 5356.23 | C13: 71.65 | D13: 5284.58 | E13: 11 | F13: 40883 | G13: 4 | H13: =IF(RFM_Customers[Recency]<=RFM_Thresholds!$B$2,5, IF(RFM_Customers[Recency]<=RFM_Thresholds!$C$2,4,IF(RFM_Customers[Recency]<=RFM_Thresholds!$D$2,3,IF(RFM_Customers[Recency]<=RFM_Thresholds!$E$2,2,1)))) -> 5 | I13: =IF(RFM_Customers[Frequency]<=RFM_Thresholds!$B$2,1, IF(RFM_Customers[Frequency]<=RFM_Thresholds!$C$2,2,IF(RFM_Customers[Frequency]<=RFM_Thresholds!$D$2,3,IF(RFM_Customers[Frequency]<=RFM_Thresholds!$E$2,4,5)))) -> 1 | J13: =IF(RFM_Customers[NetSpending]<=RFM_Thresholds!$B$2,1, IF(RFM_Customers[NetSpending]<=RFM_Thresholds!$C$2,2,IF(RFM_Customers[NetSpending]<=RFM_Thresholds!$D$2,3,IF(RFM_Customers[NetSpending]<=RFM_Thresholds!$E$2,4,5)))) -> 5 | K13: =H13+I13+J13 -> 11
... A5879: 12713 | B5879: 848.55 | C5879: 0 | D5879: 848.55 | E5879: 1 | F5879: 40886 | G5879: 1 | H5879: =IF(RFM_Customers[Recency]<=RFM_Thresholds!$B$2,5, IF(RFM_Customers[Recency]<=RFM_Thresholds!$C$2,4,IF(RFM_Customers[Recency]<=RFM_Thresholds!$D$2,3,IF(RFM_Customers[Recency]<=RFM_Thresholds!$E$2,2,1)))) -> 5 | I5879: =IF(RFM_Customers[Frequency]<=RFM_Thresholds!$B$2,1, IF(RFM_Customers[Frequency]<=RFM_Thresholds!$C$2,2,IF(RFM_Customers[Frequency]<=RFM_Thresholds!$D$2,3,IF(RFM_Customers[Frequency]<=RFM_Thresholds!$E$2,4,5)))) -> 1 | J5879: =IF(RFM_Customers[NetSpending]<=RFM_Thresholds!$B$2,1, IF(RFM_Customers[NetSpending]<=RFM_Thresholds!$C$2,2,IF(RFM_Customers[NetSpending]<=RFM_Thresholds!$D$2,3,IF(RFM_Customers[NetSpending]<=RFM_Thresholds!$E$2,4,5)))) -> 5 | K5879: =H5879+I5879+J5879 -> 11

Sheet RFM_Thresholds
A1: Metric | B1: 0.2 | C1: 0.4 | D1: 0.6 | E1: 0.8
A2: Recency | B2: =_xlfn.PERCENTILE.INC(RFM_Customers[[Recency]:[Recency]],B$1) -> 20 | C2: =_xlfn.PERCENTILE.INC(RFM_Customers[[Recency]:[Recency]],C$1) -> 59 | D2: =_xlfn.PERCENTILE.INC(RFM_Customers[[Recency]:[Recency]],D$1) -> 190 | E2: =_xlfn.PERCENTILE.INC(RFM_Customers[[Recency]:[Recency]],E$1) -> 411
A3: Frequency | B3: =_xlfn.PERCENTILE.INC(RFM_Customers[[Frequency]:[Frequency]],B$1) -> 1 | C3: =_xlfn.PERCENTILE.INC(RFM_Customers[[Frequency]:[Frequency]],C$1) -> 2 | D3: =_xlfn.PERCENTILE.INC(RFM_Customers[[Frequency]:[Frequency]],D$1) -> 4 | E3: =_xlfn.PERCENTILE.INC(RFM_Customers[[Frequency]:[Frequency]],E$1) -> 8
A4: NetSpending | B4: =_xlfn.PERCENTILE.INC(RFM_Customers[[NetSpending]:[NetSpending]],B$1) -> 266.796 | C4: =_xlfn.PERCENTILE.INC(RFM_Customers[[NetSpending]:[NetSpending]],C$1) -> 589.042 | D4: =_xlfn.PERCENTILE.INC(RFM_Customers[[NetSpending]:[NetSpending]],D$1) -> 1179.542 | E4: =_xlfn.PERCENTILE.INC(RFM_Customers[[NetSpending]:[NetSpending]],E$1) -> 2828.046

Sheet Trend_by_Time
A1: Row Labels | B1: Sum of GrossSales | C1: Sum of CancellationValue | D1: Sum of NetRevenue | E1: Cancellation_Rate%
A2: 2009
A3: Dec | B3: 822483.95 | C3: 25835.45 | D3: 796648.5 | E3: =C3/(C3+B3) -> 0.030454862
A4: 2010
A5: Jan | B5: 651155.11 | C5: 28675.61 | D5: 622479.5 | E5: =C5/(C5+B5) -> 0.042180515
A6: Feb | B6: 551504.73 | C6: 20986.5 | D6: 530518.23 | E6: =C6/(C6+B6) -> 0.036658204
A7: Mar | B7: 830915.26 | C7: 67668.02 | D7: 763247.24 | E7: =C7/(C7+B7) -> 0.075305229
A8: Apr | B8: 678875.25 | C8: 37354.2 | D8: 641521.05 | E8: =C8/(C8+B8) -> 0.052153957
A9: May | B9: 657705.5 | C9: 44434.78 | D9: 613270.72 | E9: =C9/(C9+B9) -> 0.063284761
A10: Jun | B10: 749537.31 | C10: 72463.44 | D10: 677073.87 | E10: =C10/(C10+B10) -> 0.088154956
A11: Jul | B11: 648810.27 | C11: 31444.79 | D11: 617365.48 | E11: =C11/(C11+B11) -> 0.046225
A12: Aug | B12: 695251.91 | C12: 40477.52 | D12: 654774.39 | E12: =C12/(C12+B12) -> 0.055016856
A13: Sep | B13: 921696.99 | C13: 70591.03 | D13: 851105.96 | E13: =C13/(C13+B13) -> 0.071139658
A14: Oct | B14: 1161902.2 | C14: 81290.74 | D14: 1080611.5 | E14: =C14/(C14+B14) -> 0.065388675
A15: Nov | B15: 1464293.1 | C15: 47595.94 | D15: 1416697.2 | E15: =C15/(C15+B15) -> 0.031481106
A16: Dec | B16: 821452.73 | C16: 74729.12 | D16: 746723.61 | E16: =C16/(C16+B16) -> 0.083386112
A17: 2011
A18: Jan | B18: 689811.61 | C18: 131363.05 | D18: 558448.56 | E18: =C18/(C18+B18) -> 0.15996968
A19: Feb | B19: 522545.56 | C19: 25519.15 | D19: 497026.41 | E19: =C19/(C19+B19) -> 0.046562294
A20: Mar | B20: 716215.26 | C20: 34201.28 | D20: 682013.98 | E20: =C20/(C20+B20) -> 0.045576394
A21: Apr | B21: 536968.49 | C21: 44600.65 | D21: 492367.84 | E21: =C21/(C21+B21) -> 0.076690194
A22: May | B22: 769296.61 | C22: 47202.51 | D22: 722094.1 | E22: =C22/(C22+B22) -> 0.057810852
A23: Jun | B23: 760547.01 | C23: 70569.78 | D23: 689977.23 | E23: =C23/(C23+B23) -> 0.084909583
A24: Jul | B24: 718076.12 | C24: 37919.13 | D24: 680156.99 | E24: =C24/(C24+B24) -> 0.050157894
A25: Aug | B25: 757841.38 | C25: 54330.8 | D25: 703510.58 | E25: =C25/(C25+B25) -> 0.066895667
A26: Sep | B26: 1056435.2 | C26: 38838.51 | D26: 1017596.7 | E26: =C26/(C26+B26) -> 0.035460095
A27: Oct | B27: 1151263.7 | C27: 81895.5 | D27: 1069368.2 | E27: =C27/(C27+B27) -> 0.066411132
A28: Nov | B28: 1503866.8 | C28: 47720.98 | D28: 1456145.8 | E28: =C28/(C28+B28) -> 0.030756224
A29: Dec | B29: 637808.33 | C29: 205089.27 | D29: 432719.06 | E29: =C29/(C29+B29) -> 0.24331457
A30: Grand Total | B30: 20476260 | C30: 1462797.7 | D30: 19013463 | E30: =C30/(C30+B30) -> 0.066675503

Sheet TOP_10_Customers
A2: Top 10 Customers by NetRevenue
A6: Row Labels | B6: Sum of GrossSales | C6: Sum of CancellationValue | D6: Sum of NetRevenue | F6: Cancellation_Rate%
A7: (blank) | B7: 510609.83 | C7: 88574.05 | D7: 422035.78
A8: 14911 | B8: 21836.1 | C8: 1928.66 | D8: 19907.44 | F8: =C8/(C8+B8) -> 0.0811563
A9: 18102 | B9: 80325.89 | C9: 0 | D9: 80325.89 | F9: =C9/(C9+B9) -> 0
A10: 13694 | B10: 26456.11 | C10: 12 | D10: 26444.11 | F10: =C10/(C10+B10) -> 0.00045337578
A11: 17511 | B11: 22458.21 | C11: 76.32 | D11: 22381.89 | F11: =C11/(C11+B11) -> 0.0033868024
A12: 15061 | B12: 38159.06 | C12: 0 | D12: 38159.06 | F12: =C12/(C12+B12) -> 0
A13: 13089 | B13: 13763.33 | C13: 152.55 | D13: 13610.78 | F13: =C13/(C13+B13) -> 0.010962296
A14: 13777 | B14: 16603.57 | C14: 42 | D14: 16561.57 | F14: =C14/(C14+B14) -> 0.0025231939
A15: 14646 | B15: 35016.37 | C15: 0 | D15: 35016.37 | F15: =C15/(C15+B15) -> 0
A16: 15311 | B16: 13199.95 | C16: 253.8 | D16: 12946.15 | F16: =C16/(C16+B16) -> 0.018864629 | H16: H
A17: 16029 | B17: 18756.36 | C17: 17 | D17: 18739.36 | F17: =C17/(C17+B17) -> 0.00090553849
A18: Grand_Total | B18: =SUM(B8:B17) -> 286574.95 | C18: =SUM(C8:C17) -> 2482.33 | D18: =SUM(D8:D17) -> 284092.62 | E18: =SUM(E8:E17) -> 0 | F18: =C18/(C18+B18) -> 0.0085876751

Sheet TOP_10_Products
A2: TOP 10 Products by QuantitySold
A6: Row Labels | B6: Sum of Quantity_Sold | C6: Sum of Quantity_Cancelled | D6: Cancellation_Rate%
A7: 84077 | B7: 106139 | C7: 1704 | D7: =C7/(C7+B7) -> 0.015800747
A8: 85099B | B8: 97176 | C8: 1213 | D8: =C8/(C8+B8) -> 0.012328614
A9: 21212 | B9: 94884 | C9: 1110 | D9: =C9/(C9+B9) -> 0.011563223
A10: 85123A | B10: 94719 | C10: 3637 | D10: =C10/(C10+B10) -> 0.036977917
A11: 22197 | B11: 88499 | C11: 804 | D11: =C11/(C11+B11) -> 0.009003057
A12: 23843 | B12: 80995 | C12: 80995 | D12: =C12/(C12+B12) -> 0.5
A13: 84879 | B13: 80082 | C13: 511 | D13: =C13/(C13+B13) -> 0.006340501
A14: 23166 | B14: 78033 | C14: 74494 | D14: =C14/(C14+B14) -> 0.48839878
A15: 17003 | B15: 70369 | C15: 740 | D15: =C15/(C15+B15) -> 0.010406559
A16: 21977 | B16: 56061 | C16: 219 | D16: =C16/(C16+B16) -> 0.003891258
A17: Grand Total | B17: 846957 | C17: 165427 | D17: =C17/(C17+B17) -> 0.16340341

Sheet Sheet1
A1: StockCode | B1: Total_Quantity | C1: Total Quantity Sold | D1: Total Quantity_Cancelled | E1: Total Quantity_I/A | F1: Total Cancellation Value | G1: Total GrossSale | H1: Total Net Revenue
A2: 85048 | B2: 2778 | C2: 2685 | D2: 93 | E2: 0 | F2: 695.35 | G2: 21201.13 | H2: 20505.78
A3: 79323P | B3: 5195 | C3: 2281 | D3: 693 | E3: 2221 | F3: 4021.35 | G3: 13787.93 | H3: 9766.58
A4: 79323W | B4: 9058 | C4: 3004 | D4: 1088 | E4: 4966 | F4: 6421.1 | G4: 18048.72 | H4: 11627.62
A5: 22041 | B5: 7582 | C5: 7540 | D5: 42 | E5: 0 | F5: 103.95 | G5: 18650.87 | H5: 18546.92
A6: 21232 | B6: 38802 | C6: 37997 | D6: 804 | E6: 1 | F6: 950.09 | G6: 49300.57 | H6: 48350.48
A7: 22064 | B7: 6744 | C7: 6606 | D7: 137 | E7: 1 | F7: 221.25 | G7: 10592.66 | H7: 10371.41
A8: 21871 | B8: 12379 | C8: 11492 | D8: 806 | E8: 81 | F8: 892.19 | G8: 13654.89 | H8: 12762.7
A9: 21523 | B9: 6965 | C9: 6916 | D9: 6 | E9: 43 | F9: 47.54 | G9: 46083.71 | H9: 46036.17
A10: 22350 | B10: 2845 | C10: 2840 | D10: 2 | E10: 3 | F10: 5.1 | G10: 7883.44 | H10: 7878.34
A11: 22349 | B11: 2611 | C11: 2571 | D11: 36 | E11: 4 | F11: 132.12 | G11: 10551.67 | H11: 10419.55
A12: 22195 | B12: 5146 | C12: 5127 | D12: 19 | E12: 0 | F12: 28.35 | G12: 9144.24 | H12: 9115.89
A13: 22353 | B13: 3148 | C13: 3039 | D13: 20 | E13: 89 | F13: 51 | G13: 7917.89 | H13: 7866.89
... A5279: 23843 | B5279: 161990 | C5279: 80995 | D5279: 80995 | E5279: 0 | F5279: 168469.6 | G5279: 168469.6 | H5279: 0
